6.51590798	3.37280273	4 die in Ogun boat accident
6.46678646	3.49159241	Why I Stayed With Yinka Ayefele After His Spinal Cord Accident - Titilope Ayefele: Temitope, the beautiful wife of‚Ä¶ https://t.co/xlr26CWDLT
6.46678646	3.49159241	Pregnant Woman Survives From This Chilling Accident Scene Unhurt: A Ford Ranger with vehicle number KHL 382CL, had‚Ä¶ https://t.co/tlqTg4wJeC
6.46678646	3.49159241	All Passengers Including Newly Wed Lady Killed In Fatal Accident In Abia (Photos): This is very sad. Many were were‚Ä¶ https://t.co/OavWKsEYNt
6.49407679	3.39477539	49 killed in boat accident
6.49407679	3.39477539	49 killed in boat accident
6.47224464	3.35083008	50 dead in boat accident in northwest DR Congo
6.46678646	3.49159241	Heartbreaking Photos Of Man Killed On The Spot After Fatal Bike Accident In Akwa Ibom: This is the scene of an acci‚Ä¶ https://t.co/h5OogxsH7T
6.4493857	3.3661196	#Speedlimit violation behind over 2000 road #accident in Q1 2018 https://t.co/1ZfH9bbsMc https://t.co/QUhkrc5VqA
6.46678646	3.49159241	Nigerian Student, David Audu Killed In Fatal Accident While Returning From Club In Malaysia (Photos): A Nigerian st‚Ä¶ https://t.co/cEvT72f9lB
6.46678646	3.49159241	Offset Accident Photos, How Cardi-B's Fiancee Almost Lost His Life After Crash: A few days ago, Offset who is one-t‚Ä¶ https://t.co/sNQ6EIvKKy
6.49407679	3.35083008	At Least 19 JOHESU Members Injured In Road Accident
6.46678646	3.49159241	Traditional Wedding Turn Sour As Groom's Mother Was Killed &amp; Others Injured In Accident Inferno: This is very sad.‚Ä¶ https://t.co/EqXOD2PZXM
6.49407679	3.35083008	JUST IN: Woman dies in Ibadan accident
6.46678646	3.49159241	Drunk Yahoo Boys Killed Woman And Injured Many Others As Their Car Hit Commercial Taxi In Ibadan: A serious acciden‚Ä¶ https://t.co/vfj3VOX0An
6.46678646	3.49159241	Disturbing Photos Of 10 Onion Traders Who Lost Their Lives In Fatal Accident Along Abuja-Lokoja Road: 10 onion trad‚Ä¶ https://t.co/UZxwnz4dgy
6.46678646	3.49159241	Nigerian Footballer, Isah Hussaini Dies In Accident 2 Months After His Wedding: A promising local league footballer‚Ä¶ https://t.co/LxU4EnTOQV
6.46678646	3.49159241	Popular Nigerian Blogger In Wheel Chair, TheDIYLady AKA Lizzy Oke Is Pregnant!: Popular Nigerian blogger, Who had a‚Ä¶ https://t.co/aULpaqHVzY
6.46678646	3.49159241	Students Survive Ghastly Motor Accident While Going Home For The Weekend (Photos): Some students were involved in a‚Ä¶ https://t.co/puXP5GVP3W
6.46678646	3.49159241	Salon Car Somersaults And Lands On SUV On 3rd Mainland Bridge In Lagos (Photos): A salon car has reportedly somersa‚Ä¶ https://t.co/Rmtr1uN27r
6.46678646	3.49159241	Passengers Killed As Vehicle Burst Into Flame After Ghastly Accident In Kaduna (Sad Photos): Some passengers were k‚Ä¶ https://t.co/tgypDJI34Z
6.46678646	3.49159241	Fatal Accident In Asaba-Illah Road Claims Lives Of Pregnant Woman &amp; 16 Others: A pregnant woman and 16 others were‚Ä¶ https://t.co/IpPcqN5PLH
6.46678646	3.49159241	Man Narrates How He Escape Death By Accident After Driver Refused To Heed Warning From Passengers: A man has narrat‚Ä¶ https://t.co/C88aNMOcjr
6.46678646	3.49159241	Nigerian Pastor, Murphy Survives Ghastly Motor Accident In Akwa Ibom State (Photos): A pastor is lucky to be alive‚Ä¶ https://t.co/ydpCAc8ZN6
6.49407679	3.39477539	Press Bus accident: Edo refurbishes, hands over accidented vehicles
6.46678646	3.49159241	Photos of 5 Junior Police Cadets Who Died In a Ghastly Road Crash While On Their Way Home For Break: Five junior po‚Ä¶ https://t.co/L5RxMc6P7L
6.46678646	3.49159241	Disturbing Photos Of Fatal Accident That Claim Many Lives In Bauchi: A fatal car accident along Bauchi-Gombe road h‚Ä¶ https://t.co/FDZeryfWJg
6.46678646	3.49159241	NEMESIS! Okada-Snatching Robber Dies While Trying To Escape Arrest In Ogun: An armed robber who specializes in robb‚Ä¶ https://t.co/Vpg04rh5WQ
6.46678646	3.49159241	Okada Snatching Robber Dies While Trying To Evade Arrest In Ogun State (Photo): An armed robber who specializes in‚Ä¶ https://t.co/anTpPAJKg4
6.46678646	3.49159241	Many Injured As Roaming Cows Cause Accident On Uyo-Ikot Ekene Highway In Akwa Ibom State (Photos): According to rep‚Ä¶ https://t.co/0WRboM4MgN
6.58333333	3.75	Terrible accident at Oba AKran, Ikeja just now...
#accident #liveslost #wounded #hospitalized‚Ä¶ https://t.co/bzD1RoVPmC
6.46678646	3.49159241	BLACK SATURDAY! 12 Persons Die In Multiple Fatal Accident Along Lagos/Ibadan Expressway (Photos): A fatal multiple‚Ä¶ https://t.co/R5Dc9a9NAs
6.46678646	3.49159241	Nigerians Forgive Me-Ibinabo Fiberesima Begs As She Recounts Events That Led To The Death Of Dr Giwa: A US based Ni‚Ä¶ https://t.co/Aw4DKYIAWg
6.46678646	3.49159241	Lady Shares Photos To Thank God After Surviving Ghastly Motor Accident In Anambra: A lady identified as Princess Cy‚Ä¶ https://t.co/H1umgrhUNG
6.49407679	3.39477539	Two feared killed in fatal accident in Delta
6.53773823	3.35083008	Four Feared Killed In Abuja Truck Accident
6.46678646	3.49159241	Nigerian Lawmaker Suffers Unbelievably Tragic Fate As He Loses 10 Family Members In Single Accident: A Nigerian law‚Ä¶ https://t.co/1oEOmSzrML
6.46678646	3.49159241	‚ÄúI Am Not A Murderer‚Äù - Ibinabo Fiberesima Shares Untold Story Of The Accident That Killed Dr. Suraj: As beauty que‚Ä¶ https://t.co/uPxSoPXedF
6.58333333	3.75	Life is a chessboard of strategic moves.

Not many great things happen by accident as it does by‚Ä¶ https://t.co/MhJTaBDOJq
6.4493857	3.3661196	#AIB final accident reports identify human error, poor regulation https://t.co/DyCa2hOmuR https://t.co/VWqfyHqHA3
6.46678646	3.49159241	RIP: Driver Dies In Fatal Accident With Truck In Edo State (Photos): The Executive Chairman of Ovia South-West loca‚Ä¶ https://t.co/f47cVJoQAH
6.46678646	3.49159241	Wow! Amazing Transformation Photos Of A Nigerian Burns Survivor That Have Gone Viral: What a wonderful transformati‚Ä¶ https://t.co/Fz8PYKKcw2
6.46678646	3.49159241	Drunk Yahoo Boys Returning From Club Crash SUV In Lekki, Lagos (Photos): The dangerous effect of drinking and drivi‚Ä¶ https://t.co/TnxgcmBLTD
6.46678646	3.49159241	Doctor Mistakenly Cuts Man's Intestine After Bike Accident In Imo (Photos): It has been reported that a man identif‚Ä¶ https://t.co/pXCDw78Mt6
6.46678646	3.49159241	Tragedy In Imo State As Pregnant Woman Die During A Fatal Car Accident (Graphic Photos): This is really sad. It was‚Ä¶ https://t.co/ZVjl35xFAH
6.46678646	3.49159241	Banky W &amp; Wife Mourn With Billionaire, Anselm Tabansi Who Lost Son, Jesse In Ghastly Car Crash -PICS: Jesse, the so‚Ä¶ https://t.co/vOpOyx3ZFN
6.46678646	3.49159241	Banky W &amp; Wife Mourn With Billionaire, Anselm Tabansi Who Lost Son, Jesse In Ghastly Car Crash -PICS: Jesse, the so‚Ä¶ https://t.co/vOpOyx3ZFN
6.46678646	3.49159241	Banky W &amp; Wife Mourn With Billionaire, Anselm Tabansi Who Lost Son, Jesse In Ghastly Car Crash -PICS: Jesse, the so‚Ä¶ https://t.co/vOpOyx3ZFN
6.46678646	3.49159241	2 Families File N320m Lawsuits Against Dangote Over The Death Of Their members In An Accident: Two families have su‚Ä¶ https://t.co/DiIDoz4CPW
6.45306	3.39583	(Inside view of a green Afri-polo) Quality is never an accident; it is always the result of high‚Ä¶ https://t.co/KKbvytIqBY
6.45306	3.39583	Productivity is never an accident. It is always the result of a commitment to excellence,‚Ä¶ https://t.co/fNNNPxyuZb
6.45306	3.39583	Productivity is never an accident. It is always the result of a commitment to excellence,‚Ä¶ https://t.co/fNNNPxQ5QJ
6.46678646	3.49159241	Gov. Rochas Okorocha Rescues An Accident Victim Whose Vehicle Was Hit By Lorry In Owerri (Photos): The governor of‚Ä¶ https://t.co/HbnazIpRMY
6.46678646	3.49159241	11 People Crushed To Death In Fatal Accident Caused By Customs Officials @ Benin By-Pass (Photos): A heartbroken Ni‚Ä¶ https://t.co/kHni05b8W4
6.46678646	3.49159241	Abia First Lady‚Äôs Media Aide, One Other Die In Auto Crash Involving Wife Of Abia State Govr's Convoy: Two persons h‚Ä¶ https://t.co/rwL5LrTJUP
6.46678646	3.49159241	Pretty Young Lady Shares Inspiring Photos Of Six Weeks After A Horrific Car Accident: On April 2, six weeks after s‚Ä¶ https://t.co/cxpb10YkAw
6.46678646	3.49159241	Deeper Life Pastor Returning From Easter Retreat, Cut Into Two After A Ghastly Accident In Anambra: Tragedy struck‚Ä¶ https://t.co/btpjnHH7T4
6.46678646	3.49159241	Lady Cheats Death After Horrific Car Accident While Traveling For Easter (Photos): A Nigerian lady who is very luck‚Ä¶ https://t.co/vExWvUuams
6.46678646	3.49159241	Wailing &amp; Tears As Man, Mopmi Samson Who Died A Week To His Wedding Was Laid To Rest (Photos): We reported last wee‚Ä¶ https://t.co/AGoZyYOlnd
6.46678646	3.49159241	See What Road Safety Officials Did With N2million Recovered At Accident Scene (Photos): The Federal Road Safety Cor‚Ä¶ https://t.co/ASJJZrCZe8
6.46678646	3.49159241	'God Just Saved Me From What Would Have Been A Terrible Accident' - OAP IK Osakioduwa Recounts: Nigerian media pers‚Ä¶ https://t.co/05JpbCqlvO
6.46678646	3.49159241	Lady Survives Car Accident, Shortly After Arriving Nigeria For Easter Celebration: A Nigerian lady identified as Jo‚Ä¶ https://t.co/37Z8sOakFY
6.46678646	3.49159241	Fatal Car Accident Leave All Passengers Dead Along Abuja Road (Photos): A fatal accident which happened at Gada Biu‚Ä¶ https://t.co/epkq6h06RJ
6.46678646	3.49159241	30 Years Old Graduate, Paul Ikpechukwu Killed In Accident Caused By NCDSC In Enugu: Family members and friends have‚Ä¶ https://t.co/uQC0HkjwM1
6.46678646	3.49159241	Heartbreaking Photos Of Pregnant Woman Killed In Fatal Road Accident (Photo): A tragic motor accident has claimed t‚Ä¶ https://t.co/pdQQR13auQ
6.45148745	4.03483941	64 str8 days accident free üí™ litüí• @ Dangote Refinery LFTZ Lagos https://t.co/s8U79rRiHE
6.46678646	3.49159241	Dangote‚Äôs General Manager, Sunday Esan Escapes Death After Ghastly Car Accident (Photos): The General Manager, Corp‚Ä¶ https://t.co/WbFK3aUcel
6.46678646	3.49159241	OMG! Handsome Nigerian Man Dies In Ghastly Car Accident 6 Days To His Wedding In Bauchi State (Pics): Nothing beats‚Ä¶ https://t.co/VMtoDy14JZ
6.46678646	3.49159241	CAN Chairman In Taraba State, Rev. Ben Ubeh Crushed To Death By Truck (PHOTOS): Rev. Ben Ubeh, the Chairman of the‚Ä¶ https://t.co/hoKp3UTbgy
6.51590798	3.37280273	Breaking: Taraba CAN chairman dies in auto-accident
6.45306	3.39583	Just. Arrived hasn't been detailed and this clean... 2007 toks Camry le accident free‚Ä¶ https://t.co/RW5zsB5xIA
6.45306	3.39583	What are the odds üòÑ bumped into @Lola_OJ yesterday and we were twinning on accident üî•üöÄ @ Lagos,‚Ä¶ https://t.co/yRvjHdYGpl
6.46678646	3.49159241	FYI: Cows Killed After Running Out Of The Bush And Causing Serious Accident In Port-Harcourt (Photos): A ghastly mo‚Ä¶ https://t.co/JLIytmnB1F
6.46678646	3.49159241	#ICYMI: NYSC Member Shares How He Escaped Being Electrocuted Few Days After Surviving Fatal Accident -Photos: A Nig‚Ä¶ https://t.co/S1Rg49CIld
6.46678646	3.49159241	FYI: Nigerian Man Recounts How He Narrowly Escape Fatal Accident Involving 2 Buses (Photos): A Nigerian man simply‚Ä¶ https://t.co/8s7oUm3JMN
6.46678646	3.49159241	BIZARRE! Driver And Conductor ‚ÄòDisappear‚Äô After Fatal Truck Accident In Imo State (Photos): A fatal accident involv‚Ä¶ https://t.co/eMwt7slIs1
6.46678646	3.49159241	#ICYMI: Cows Killed After Running Out Of The Bush And Causing Serious Accident In Port-Harcourt (Photos): A ghastly‚Ä¶ https://t.co/D5eUfjn7bI
6.46678646	3.49159241	FYI: OMG! 18 Passengers Confirmed Dead In Lagos-Ibadan Expressway Auto Crash: A fatal accident this evening along t‚Ä¶ https://t.co/CJH1p8iElb
6.46678646	3.49159241	FYI: Wedding Day Turn Sour! Newly Married Couple Involved In Ghastly Accident, Groomsman Dies (Photos): Groomsman k‚Ä¶ https://t.co/T6x7hQB5bh
6.46678646	3.49159241	NYSC Member Shares How He Escaped Being Electrocuted Few Days After Surviving Fatal Accident -Photos: A Nigerian ma‚Ä¶ https://t.co/b3rhHWECiW
6.46678646	3.49159241	#ICYMI: Nigerian Man Recounts How He Narrowly Escape Fatal Accident Involving 2 Buses (Photos): A Nigerian man simp‚Ä¶ https://t.co/cnO1mT7tiy
6.46678646	3.49159241	Cows Killed After Running Out Of The Bush And Causing Serious Accident In Port-Harcourt (Photos): A ghastly motor a‚Ä¶ https://t.co/BOhfKGtNVr
6.46678646	3.49159241	#ICYMI: OMG! 18 Passengers Confirmed Dead In Lagos-Ibadan Expressway Auto Crash: A fatal accident this evening alon‚Ä¶ https://t.co/HwVAfPC8Qk
6.46678646	3.49159241	#ICYMI: Wedding Day Turn Sour! Newly Married Couple Involved In Ghastly Accident, Groomsman Dies (Photos): Groomsma‚Ä¶ https://t.co/WBWvt4DwxH
6.46678646	3.49159241	Nigerian Man Recounts How He Narrowly Escape Fatal Accident Involving 2 Buses (Photos): A Nigerian man simply ident‚Ä¶ https://t.co/vokkY2vsPn
6.46678646	3.49159241	FYI: SAD! Corps Member, Two Final Year Students Die In Fatal Car Accident In Ilorin (Photos): Two final year studen‚Ä¶ https://t.co/DuFOIo13YM
6.46678646	3.49159241	OMG! 18 Passengers Confirmed Dead In Lagos-Ibadan Expressway Auto Crash: A fatal accident this evening along the La‚Ä¶ https://t.co/h92IG4FNPg
6.46678646	3.49159241	Wedding Day Turn Sour! Newly Married Couple Involved In Ghastly Accident, Groomsman Dies (Photos): Groomsman killed‚Ä¶ https://t.co/tsS5Z0WKxq
6.46678646	3.49159241	#ICYMI: SAD! Corps Member, Two Final Year Students Die In Fatal Car Accident In Ilorin (Photos): Two final year stu‚Ä¶ https://t.co/tnWQhJAuhN
6.46678646	3.49159241	FYI: SMH! Many Injured As Edo Govt's Press Bus Involve In Ghastly Car Accident (Photos): A bus assigned to the Pres‚Ä¶ https://t.co/W5GPWHDyJf
6.46678646	3.49159241	SAD! Corps Member, Two Final Year Students Die In Fatal Car Accident In Ilorin (Photos): Two final year students of‚Ä¶ https://t.co/rtu70xaPmp
6.46678646	3.49159241	FYI: Tragic Accident Left One Dead As Motorcycle &amp; Car Collide In Anambra State (Photo): A terrible accident happen‚Ä¶ https://t.co/DGcu4aRvlk
6.46678646	3.49159241	#ICYMI: SMH! Many Injured As Edo Govt's Press Bus Involve In Ghastly Car Accident (Photos): A bus assigned to the P‚Ä¶ https://t.co/IEmGSH6Qyy
6.46678646	3.49159241	#ICYMI: Tragic Accident Left One Dead As Motorcycle &amp; Car Collide In Anambra State (Photo): A terrible accident hap‚Ä¶ https://t.co/a7FW2FU50m
6.46678646	3.49159241	FYI: ESUT Transport Shuttle Involved In A Ghastly Motor Accident Along Uguwaji Road, Enugu (Photos): One of Enugu S‚Ä¶ https://t.co/nCgYUfJ9W3
6.46678646	3.49159241	SMH! Many Injured As Edo Govt's Press Bus Involve In Ghastly Car Accident (Photos): A bus assigned to the Press Uni‚Ä¶ https://t.co/9vyjjt3JvI
6.49407679	3.39477539	Obaseki not involved in press bus accident ‚Äì Edo Govt
6.46678646	3.49159241	Tragic Accident Left One Dead As Motorcycle &amp; Car Collide In Anambra State (Photo): A terrible accident happened to‚Ä¶ https://t.co/K1AGJ4ZI9p
6.46678646	3.49159241	#ICYMI: ESUT Transport Shuttle Involved In A Ghastly Motor Accident Along Uguwaji Road, Enugu (Photos): One of Enug‚Ä¶ https://t.co/pPoAP4Atwl
6.46678646	3.49159241	ESUT Transport Shuttle Involved In A Ghastly Motor Accident Along Uguwaji Road, Enugu (Photos): One of Enugu State‚Ä¶ https://t.co/CKs0x7cso4
6.46678646	3.49159241	FYI: NYSC Member With Earpiece Plugged In Mangled To Death By Train In Another Accident In Ikeja (Photos): Yet anot‚Ä¶ https://t.co/P6sFqVzi4m
6.46678646	3.49159241	FYI: Popular Warri OAP &amp; Broadcaster Cheats Death After Fuel Tanker Climbed His Vehicle (Photos): An On-Air-Persona‚Ä¶ https://t.co/O91lVfh4GB
6.46678646	3.49159241	FYI: Actors Guild Of Nigeria Members Involved In Motor Accident In Anambra When Returning From A Burial: Actors Gui‚Ä¶ https://t.co/kKJqw74OVv
6.46678646	3.49159241	#ICYMI: NYSC Member With Earpiece Plugged In Mangled To Death By Train In Another Accident In Ikeja (Photos): Yet a‚Ä¶ https://t.co/gZzHzq5UOB
6.46678646	3.49159241	#ICYMI: Popular Warri OAP &amp; Broadcaster Cheats Death After Fuel Tanker Climbed His Vehicle (Photos): An On-Air-Pers‚Ä¶ https://t.co/idKUA34vvt
6.46678646	3.49159241	#ICYMI: Actors Guild Of Nigeria Members Involved In Motor Accident In Anambra When Returning From A Burial: Actors‚Ä¶ https://t.co/5lWYZKTdwH
6.42857753	3.37280273	10 dead, many injured in multiple car accident along Abuja-Keffi expressway
6.46678646	3.49159241	NYSC Member With Earpiece Plugged In Mangled To Death By Train In Another Accident In Ikeja (Photos): Yet another r‚Ä¶ https://t.co/1U8cdMQkGt
6.46678646	3.49159241	NYSC Member With Earpiece Plugged In Mangled To Death By Train In Another Accident In Ikeja (Photos): Yet another r‚Ä¶ https://t.co/1U8cdMQkGt
6.46678646	3.49159241	Popular Warri OAP &amp; Broadcaster Cheats Death After Fuel Tanker Climbed His Vehicle (Photos): An On-Air-Personality‚Ä¶ https://t.co/3kqmxeVX8T
6.46678646	3.49159241	Popular Warri OAP &amp; Broadcaster Cheats Death After Fuel Tanker Climbed His Vehicle (Photos): An On-Air-Personality‚Ä¶ https://t.co/3kqmxeVX8T
6.46678646	3.49159241	Actors Guild Of Nigeria Members Involved In Motor Accident In Anambra When Returning From A Burial: Actors Guild Of‚Ä¶ https://t.co/CEh2f2ivho
6.46678646	3.49159241	FYI: R.I.P: Driver Dies In Fatal Accident After Sacrificing Himself To Save His Passengers In Delta State‚Ä¶ https://t.co/XFZztHFgAy
6.46678646	3.49159241	#ICYMI: R.I.P: Driver Dies In Fatal Accident After Sacrificing Himself To Save His Passengers In Delta State‚Ä¶ https://t.co/sFTIh1Dne3
6.46678646	3.49159241	R.I.P: Driver Dies In Fatal Accident After Sacrificing Himself To Save His Passengers In Delta State‚Ä¶ https://t.co/QPYWid31Ze
6.46678646	3.49159241	FYI: Nigerian Bride Marries In Hospital With Fractured Legs One Day After Surviving Accident (Photos)‚Ä¶ https://t.co/xVsH9ITrXI
6.46678646	3.49159241	#ICYMI: Nigerian Bride Marries In Hospital With Fractured Legs One Day After Surviving Accident (Photos)‚Ä¶ https://t.co/1cu0ndbS4Q
6.58333333	3.75	2007.
Toyota. 
Sienna.
Accident free 
2.4M only. @ Lagos State https://t.co/rLtTWFZ6Oi
6.46678646	3.49159241	FYI: Truck Driver Abandons Fully Loaded Vehicle After Early Morning Accident In Owerri, Imo State‚Ä¶ https://t.co/gsNoHeb6pW
6.46678646	3.49159241	Nigerian Bride Marries In Hospital With Fractured Legs One Day After Surviving Accident (Photos) https://t.co/k9geXcp0Og @Gistmania #Nigeria
6.46678646	3.49159241	#ICYMI: Truck Driver Abandons Fully Loaded Vehicle After Early Morning Accident In Owerri, Imo State‚Ä¶ https://t.co/iN7imvvYTn
6.46678646	3.49159241	Truck Driver Abandons Fully Loaded Vehicle After Early Morning Accident In Owerri, Imo State https://t.co/UPXEBvMXrU @Gistmania #Nigeria
6.46678646	3.49159241	FYI: President Buhari's Son,Yusuf Returns To Nigeria After Treatment Abroad From Power Bike Accident‚Ä¶ https://t.co/vuaqX0BTcM
6.45306	3.39583	Today,  made it one week I had an accident on my way to deliver clothes at my customer's shop.‚Ä¶ https://t.co/s6qRaq78IU
6.46678646	3.49159241	#ICYMI: President Buhari's Son,Yusuf Returns To Nigeria After Treatment Abroad From Power Bike Accident‚Ä¶ https://t.co/zZtURV6oZj
6.46678646	3.49159241	President Buhari's Son,Yusuf Returns To Nigeria After Treatment Abroad From Power Bike Accident https://t.co/SfaM4bmAK5 @Gistmania #Nigeria
6.46678646	3.49159241	FYI: #IStandWithBuhari Campaign Executive Gets New Jeep Days After Having A Car Accident (Photos)‚Ä¶ https://t.co/zSspDDjJJE
6.46678646	3.49159241	FYI: OMG! 13 Children Killed After Boat Accident In Sokoto State (Graphic Photos) https://t.co/seQPXiXRGw @Gistmania #Nigeria
6.46678646	3.49159241	FYI: Shocking Photos Of Driver As He Urinates On Himself, Dozes Off After Car Accident In Lagos https://t.co/lMVkhUqcSm @Gistmania #Nigeria
6.46678646	3.49159241	#ICYMI: OMG! 13 Children Killed After Boat Accident In Sokoto State (Graphic Photos) https://t.co/seQPXiXRGw @Gistmania #Nigeria
6.46678646	3.49159241	#ICYMI: #IStandWithBuhari Campaign Executive Gets New Jeep Days After Having A Car Accident (Photos)‚Ä¶ https://t.co/yXIDx9bZzj
6.46678646	3.49159241	FYI: Armed Robbers Caught After Car Accident, While Fleeing With Their Loots In Owerri (Photos) https://t.co/6PSvBWnbeo @Gistmania #Nigeria
6.46678646	3.49159241	#ICYMI: Shocking Photos Of Driver As He Urinates On Himself, Dozes Off After Car Accident In Lagos‚Ä¶ https://t.co/2xJ8gjGGzJ
6.58333333	3.75	Accident Free 2006 Rx330. Flawless.
New Yokohama Tyres and DVD for back seat entertainment. @‚Ä¶ https://t.co/lEYZGzYclE
6.46678646	3.49159241	OMG! 13 Children Killed After Boat Accident In Sokoto State (Graphic Photos) https://t.co/seQPXiXRGw @Gistmania #Nigeria
6.58333333	3.75	2006 
Tokunbo Accident free 
Lexus Rx 330. 
DVD, 
2017 Yokohama Tyres.
65k miles only.
Clean in‚Ä¶ https://t.co/33cAhgKZqe
6.46678646	3.49159241	Shocking Photos Of Driver As He Urinates On Himself, Dozes Off After Car Accident In Lagos https://t.co/lMVkhUqcSm @Gistmania #Nigeria
6.46678646	3.49159241	#IStandWithBuhari Campaign Executive Gets New Jeep Days After Having A Car Accident (Photos) https://t.co/ilS8hpP236 @Gistmania #Nigeria
6.58333333	3.75	Toyota
Sienna
2006.
Accident free
Leather
Alloy Wheels etc
2.5M Final Price. @ Lagos State https://t.co/BdDeRwSsuw
6.46678646	3.49159241	FYI: Heartbreaking Photos From The Accident Scene That Killed Kano Pillars Player, Chinedu Udoji https://t.co/C4R5WGRUDW @Gistmania #Nigeria
6.46678646	3.49159241	#ICYMI: Armed Robbers Caught After Car Accident, While Fleeing With Their Loots In Owerri (Photos)‚Ä¶ https://t.co/iPbP1c5mnp
6.46678646	3.49159241	FYI: Tragedy As Nigerian Airforce Officer, Henry Chibueze Was Killed In Ghastly Car Accident https://t.co/BGNNwMCO0e @Gistmania #Nigeria
6.46678646	3.49159241	Armed Robbers Caught After Car Accident, While Fleeing With Their Loots In Owerri (Photos) https://t.co/6PSvBWnbeo @Gistmania #Nigeria
6.46678646	3.49159241	FYI: Photos Of The 2 Victims Who Survived The Fatal Accident Which Killed 21 Students In Kano https://t.co/n2ip5S5XNt @Gistmania #Nigeria
6.46678646	3.49159241	FYI: TRAGIC! Man Loses His Leg In Fatal Accident As Driver Was Making Phone Call To his Wife (Photos)‚Ä¶ https://t.co/3PQHAavCb5
6.46678646	3.49159241	#ICYMI: Heartbreaking Photos From The Accident Scene That Killed Kano Pillars Player, Chinedu Udoji‚Ä¶ https://t.co/3GvRbUrjKo
6.46678646	3.49159241	#ICYMI: Tragedy As Nigerian Airforce Officer, Henry Chibueze Was Killed In Ghastly Car Accident https://t.co/BGNNwMCO0e @Gistmania #Nigeria
6.46678646	3.49159241	FYI: SHOCKING!! All Passengers Including A White Man Dies In A Fatal Accident In Adamawa State (Photos)‚Ä¶ https://t.co/YrhG6ZVAho
6.51590798	3.35083008	FRSC has reduced accident rates by 62 per cent ‚Äì official
6.46678646	3.49159241	FYI: TRAGEDY! Three FGC Daura Students Died In Fire Accident Inside Their School Hostel (Photos) https://t.co/A7waExyr9K @Gistmania #Nigeria
6.46678646	3.49159241	Heartbreaking Photos From The Accident Scene That Killed Kano Pillars Player, Chinedu Udoji https://t.co/C4R5WGRUDW @Gistmania #Nigeria
6.4493857	3.3661196	UPDATE Speed violation tops major cause of road #accidents in Nigeria https://t.co/XRx8CNl8Nb https://t.co/z7zPGWyATN
6.46678646	3.49159241	Tragedy As Nigerian Airforce Officer, Henry Chibueze Was Killed In Ghastly Car Accident https://t.co/BGNNwMCO0e @Gistmania #Nigeria
6.46678646	3.49159241	#ICYMI: Photos Of The 2 Victims Who Survived The Fatal Accident Which Killed 21 Students In Kano https://t.co/n2ip5S5XNt @Gistmania #Nigeria
6.46678646	3.49159241	#ICYMI: TRAGIC! Man Loses His Leg In Fatal Accident As Driver Was Making Phone Call To his Wife (Photos)‚Ä¶ https://t.co/UUK5HASO0l
6.46678646	3.49159241	#ICYMI: SHOCKING!! All Passengers Including A White Man Dies In A Fatal Accident In Adamawa State (Photos)‚Ä¶ https://t.co/yZxFyDPwBV
6.4493857	3.3661196	REPOST Speed violation tops major cause of road #accidents in Nigeria https://t.co/bRC2ZxjkfT https://t.co/HY5iBMRXMM
6.46678646	3.49159241	Photos Of The 2 Victims Who Survived The Fatal Accident Which Killed 21 Students In Kano https://t.co/n2ip5S5XNt @Gistmania #Nigeria
6.46678646	3.49159241	#ICYMI: TRAGEDY! Three FGC Daura Students Died In Fire Accident Inside Their School Hostel (Photos)‚Ä¶ https://t.co/1ntNgGjiut
6.46678646	3.49159241	TRAGIC! Man Loses His Leg In Fatal Accident As Driver Was Making Phone Call To his Wife (Photos) https://t.co/4GtyAS5FDX @Gistmania #Nigeria
6.46678646	3.49159241	SHOCKING!! All Passengers Including A White Man Dies In A Fatal Accident In Adamawa State (Photos)‚Ä¶ https://t.co/r0CH58RKNf
6.4493857	3.3661196	Speed violation tops major cause of road #accidents in Nigeria https://t.co/3uIjn0eqA3 https://t.co/7s8EKCrf2D
6.45066161	3.40940832	Hian....üôÜüèæ‚Äç‚ôÄÔ∏èüôÜüèæ‚Äç‚ôÄÔ∏èüôÜüèæ‚Äç‚ôÄÔ∏è

So I went LIVE solo today by accident and I must say I thoroughly‚Ä¶ https://t.co/jqV59hM181
6.46678646	3.49159241	TRAGEDY! Three FGC Daura Students Died In Fire Accident Inside Their School Hostel (Photos) https://t.co/A7waExyr9K @Gistmania #Nigeria
6.46678646	3.49159241	FYI: Angry Mob Disgrace SARS Officers After Causing Accident While Chasing A Suspected Yahoo Boy (Video)‚Ä¶ https://t.co/xjQk4nKheT
6.46678646	3.49159241	FYI: Veteran Actress, Joke Muyiwa, Son And Daughter-In-Law Survive Ghastly Car Accident (Photos) https://t.co/sWPgWdR1o0 @Gistmania #Nigeria
6.46678646	3.49159241	FYI: Popular ‚ÄúJenifa Diaries‚Äù Actor, Adekunle Ayanfe Hospitalized After A Fatal Car Accident (Photos)‚Ä¶ https://t.co/wKWi7UxUQG
6.46678646	3.49159241	#ICYMI: Angry Mob Disgrace SARS Officers After Causing Accident While Chasing A Suspected Yahoo Boy (Video)‚Ä¶ https://t.co/s9nTb8N1D5
6.46678646	3.49159241	#ICYMI: Veteran Actress, Joke Muyiwa, Son And Daughter-In-Law Survive Ghastly Car Accident (Photos)‚Ä¶ https://t.co/vtJEXxODAI
6.46678646	3.49159241	FYI: Popular Ghanaian Pop Star, Ebony Reigns Dies In A Fatal Road Accident Barely A Week To Her Birthday‚Ä¶ https://t.co/sJC7YkLg3Y
6.46678646	3.49159241	Angry Mob Disgrace SARS Officers After Causing Accident While Chasing A Suspected Yahoo Boy (Video)‚Ä¶ https://t.co/NZ6v3ZitGX
6.46678646	3.49159241	4 Ugandan Students Die In Road Accident Shortly After Recording &amp; Posting Video Of Themselves Online‚Ä¶ https://t.co/Q1oNzJBb6g
6.46678646	3.49159241	Veteran Actress, Joke Muyiwa, Son And Daughter-In-Law Survive Ghastly Car Accident (Photos) https://t.co/sWPgWdR1o0 @Gistmania #Nigeria
6.51590798	3.37280273	How FRSC nabbed accident victim trying to claim concealed Indian hemp
6.46678646	3.49159241	#ICYMI: Popular Ghanaian Pop Star, Ebony Reigns Dies In A Fatal Road Accident Barely A Week To Her Birthday‚Ä¶ https://t.co/YWEaKN3oE1
6.46678646	3.49159241	FYI: 23-year-old Nigerian Beauty Queen Killed In Ghastly Motor Accident Set To Be Laid To Rest (Photos)‚Ä¶ https://t.co/GnIzp6knPt
6.46678646	3.49159241	Popular Ghanaian Pop Star, Ebony Reigns Dies In A Fatal Road Accident Barely A Week To Her Birthday‚Ä¶ https://t.co/Iz4iJd6iN3
6.46678646	3.49159241	FYI: Little Girl Buried Amidst Tears In Her School Uniform After Being Killed In An Accident (Photos)‚Ä¶ https://t.co/gvz5CKLhJz
6.46678646	3.49159241	Young Soldier Dies In Motor Accident On His Way Back From Successful Battle Against Boko Haram https://t.co/JxgzuPb0do @Gistmania #Nigeria
6.46678646	3.49159241	#ICYMI: 23-year-old Nigerian Beauty Queen Killed In Ghastly Motor Accident Set To Be Laid To Rest (Photos)‚Ä¶ https://t.co/yhAb4pcuol
6.46678646	3.49159241	FYI: TRAGEDY! Nollywood Actor, Moses Armstrong‚Äôs Wife Dies In Car Accident https://t.co/hMMtt0wDWC @Gistmania #Nigeria
6.46678646	3.49159241	FYI: SAD! Young Couple Die in Fatal Accident 2 months After Their Wedding (Photos) https://t.co/Ky1rUkQysb @Gistmania #Nigeria
6.46678646	3.49159241	23-year-old Nigerian Beauty Queen Killed In Ghastly Motor Accident Set To Be Laid To Rest (Photos)‚Ä¶ https://t.co/w6NwDdC1Ue
6.46678646	3.49159241	23-year-old Nigerian Beauty Queen Killed In Ghastly Motor Accident Set To Be Laid To Rest (Photos)‚Ä¶ https://t.co/w6NwDdC1Ue
6.46678646	3.49159241	#ICYMI: Little Girl Buried Amidst Tears In Her School Uniform After Being Killed In An Accident (Photos)‚Ä¶ https://t.co/aa5gwEHnCB
6.46678646	3.49159241	#ICYMI: Little Girl Buried Amidst Tears In Her School Uniform After Being Killed In An Accident (Photos)‚Ä¶ https://t.co/aa5gwEHnCB
6.44949	3.39842	@joycemeyer "God has purposely created you,  you aren't an accident! " #joycequote #goodword‚Ä¶ https://t.co/zljRn7ibw0
6.46678646	3.49159241	#ICYMI: TRAGEDY! Nollywood Actor, Moses Armstrong‚Äôs Wife Dies In Car Accident https://t.co/hMMtt0f2y2 @Gistmania #Nigeria
6.46678646	3.49159241	#ICYMI: SAD! Young Couple Die in Fatal Accident 2 months After Their Wedding (Photos) https://t.co/Ky1rUkyX3B @Gistmania #Nigeria
6.46678646	3.49159241	Little Girl Buried Amidst Tears In Her School Uniform After Being Killed In An Accident (Photos) https://t.co/SNL9B0pVuS @Gistmania #Nigeria
6.46678646	3.49159241	FYI: SO SAD! Police Officer Killed In A Fatal Road Accident On His Way To Special Duty https://t.co/Q6BvqlpOxV @Gistmania #Nigeria
6.46678646	3.49159241	TRAGEDY! Nollywood Actor, Moses Armstrong‚Äôs Wife Dies In Car Accident https://t.co/hMMtt0f2y2 @Gistmania #Nigeria
6.46678646	3.49159241	SAD! Young Couple Die in Fatal Accident 2 months After Their Wedding (Photos) https://t.co/Ky1rUkyX3B @Gistmania #Nigeria
6.46678646	3.49159241	#ICYMI: SO SAD! Police Officer Killed In A Fatal Road Accident On His Way To Special Duty https://t.co/Q6BvqlpOxV @Gistmania #Nigeria
6.46678646	3.49159241	#ICYMI: Tragedy As Father Kills Only Daughter By Accident While Reversing Car In Owerri, Imo State https://t.co/cVvL7jG09c @NigeriaNewsdesk
6.46678646	3.49159241	SO SAD! Police Officer Killed In A Fatal Road Accident On His Way To Special Duty https://t.co/Q6BvqlpOxV @Gistmania #Nigeria
6.46678646	3.49159241	Tragedy As Father Kills Only Daughter By Accident While Reversing Car In Owerri, Imo State https://t.co/cVvL7jG09c @NigeriaNewsdesk
6.46678646	3.49159241	FYI: TRAGIC! Woman &amp; Grandchildren Crushed To Death In Ondo Market Accident (Photos) https://t.co/y3G73bV1Gc #Naijapals #Gistmania
6.46678646	3.49159241	#ICYMI: TRAGIC! Woman &amp; Grandchildren Crushed To Death In Ondo Market Accident (Photos) https://t.co/y3G73bV1Gc #Naijapals #Gistmania
6.46678646	3.49159241	TRAGIC! Woman &amp; Grandchildren Crushed To Death In Ondo Market Accident (Photos) https://t.co/y3G73bV1Gc #Naijapals #Gistmania
6.46678646	3.49159241	FYI: MFM FC Players And Officials Narrowly Escape Death In Road Accident On Way From League Match‚Ä¶ https://t.co/ZGfm69Mjso
6.46678646	3.49159241	#ICYMI: MFM FC Players And Officials Narrowly Escape Death In Road Accident On Way From League Match‚Ä¶ https://t.co/iUb3wQZ1B4
6.46678646	3.49159241	FYI: Man Dies Three Weeks After Glamorous Lavish Wedding In a Sad Road Accident https://t.co/OixBI1SejS #Naijapals #Gistmania
6.46678646	3.49159241	MFM FC Players And Officials Narrowly Escape Death In Road Accident On Way From League Match https://t.co/IGUL2K3IQJ #Naijapals #Gistmania
6.4826676	3.35838423	@genakhena thanking God for seeing your through that accident. this players really need to up their games cos of continental football oo
6.46678646	3.49159241	#ICYMI: Man Dies Three Weeks After Glamorous Lavish Wedding In a Sad Road Accident https://t.co/OixBI1SejS #Naijapals #Gistmania
6.46678646	3.49159241	Man Dies Three Weeks After Glamorous Lavish Wedding In a Sad Road Accident https://t.co/OixBI1SejS #Naijapals #Gistmania
6.47224464	3.35083008	Girl dies in road accident as dad speeds to get her to Maths lesson https://t.co/fmL1kBvElg
6.46678646	3.49159241	FYI: 2 Brothers, Aged 26 And 28 Dies In Fatal Car Accident Along Ijebu Ode Lagos Road (PHOTOS)‚Ä¶ https://t.co/eG3zWiiLTc
6.46678646	3.49159241	#ICYMI: 2 Brothers, Aged 26 And 28 Dies In Fatal Car Accident Along Ijebu Ode Lagos Road (PHOTOS)‚Ä¶ https://t.co/vH6BIcIrEx
6.46678646	3.49159241	2 Brothers, Aged 26 And 28 Dies In Fatal Car Accident Along Ijebu Ode Lagos Road (PHOTOS) https://t.co/i9F49NJCB3‚Ä¶ https://t.co/n96KkPYXSs
6.46678646	3.49159241	FYI: Bribe-Seeking Policemen Cause Accident Leaving Two Motorcycle Riders Dead &amp; Seven Others Injured‚Ä¶ https://t.co/ZbvRnFDiZ9
6.46678646	3.49159241	#ICYMI: Bribe-Seeking Policemen Cause Accident Leaving Two Motorcycle Riders Dead &amp; Seven Others Injured‚Ä¶ https://t.co/94KfJyOYdb
6.53773823	3.37280273	Two killed, seven injured as bribe-seeking policemen cause accident https://t.co/4CxwQ2zfeG
6.46678646	3.49159241	Bribe-Seeking Policemen Cause Accident Leaving Two Motorcycle Riders Dead &amp; Seven Others Injured‚Ä¶ https://t.co/cTxHORjwBi
6.46678646	3.49159241	FYI: Fatal Accident Near Zuma Rock In Abuja Reportedly Causes Traffic Jam In The Area (Photo)‚Ä¶ https://t.co/j7Y8S3BWeV
6.46678646	3.49159241	FYI: ‚ÄúI Saw My World Crumble‚Äù -Lady Narrates How Her Family Died In A Auto Ghastly Accident In Kogi‚Ä¶ https://t.co/yWKnQRW3S3
6.51590798	3.37280273	4 killed, 6 injured in Ibadan multiple car accident https://t.co/hyRdKRkMjO
6.46678646	3.49159241	FYI: OMG! 8 Edo Libya Returnees Die In Car Accident On Their Way To Beg Lagos Pastor For Money‚Ä¶ https://t.co/t1aAPJRWho
6.46678646	3.49159241	#ICYMI: Fatal Accident Near Zuma Rock In Abuja Reportedly Causes Traffic Jam In The Area (Photo)‚Ä¶ https://t.co/veHGO47i0o
6.46678646	3.49159241	#ICYMI: ‚ÄúI Saw My World Crumble‚Äù -Lady Narrates How Her Family Died In A Auto Ghastly Accident In Kogi‚Ä¶ https://t.co/fAgXeprURY
6.46678646	3.49159241	#ICYMI: OMG! 8 Edo Libya Returnees Die In Car Accident On Their Way To Beg Lagos Pastor For Money‚Ä¶ https://t.co/hFK1VQohce
6.46678646	3.49159241	FYI: Nigerian Man, Tony Adams Escaped Death In Fatal Car Accident 3 Days After He Bought New Car (Photos)‚Ä¶ https://t.co/E0E7Yye9sP
6.46678646	3.49159241	Fatal Accident Near Zuma Rock In Abuja Reportedly Causes Traffic Jam In The Area (Photo) https://t.co/PWzOo4JBNG‚Ä¶ https://t.co/U3MYsAYTQw
6.46678646	3.49159241	FYI: Actress Ify Arinze Involved In Fatal Accident, Months After Losing Family Members To Poisoning -PICS‚Ä¶ https://t.co/aOeXfegK1H
6.46678646	3.49159241	‚ÄúI Saw My World Crumble‚Äù -Lady Narrates How Her Family Died In A Auto Ghastly Accident In Kogi‚Ä¶ https://t.co/Lgb4VT7Pep
6.46678646	3.49159241	OMG! 8 Edo Libya Returnees Die In Car Accident On Their Way To Beg Lagos Pastor For Money https://t.co/vpSznUv6u6‚Ä¶ https://t.co/AswzsAzhpA
6.46678646	3.49159241	#ICYMI: Nigerian Man, Tony Adams Escaped Death In Fatal Car Accident 3 Days After He Bought New Car (Photos)‚Ä¶ https://t.co/3cNqJFUIKS
6.46678646	3.49159241	#ICYMI: Actress Ify Arinze Involved In Fatal Accident, Months After Losing Family Members To Poisoning -PICS‚Ä¶ https://t.co/qMamzIxZli
6.46678646	3.49159241	Nigerian Man, Tony Adams Escaped Death In Fatal Car Accident 3 Days After He Bought New Car (Photos)‚Ä¶ https://t.co/oKGsLw9TSy
6.46678646	3.49159241	Actress Ify Arinze Involved In Fatal Accident, Months After Losing Family Members To Poisoning -PICS‚Ä¶ https://t.co/F5pot87RoP
6.50917	3.35806	You don‚Äôt meet people by accident.. HAPPY NEW WEEK. GOD BLESS US ALL IJN AMENüôè. Have a wonderful‚Ä¶ https://t.co/9uGSSdr7ps
6.46678646	3.49159241	FYI: TRAGEDY! Ghastly Bus Accident In Port Harcourt, All Passengers Survived, Only Driver Died (Photos)‚Ä¶ https://t.co/th8DXykS8U
6.46678646	3.49159241	#ICYMI: TRAGEDY! Ghastly Bus Accident In Port Harcourt, All Passengers Survived, Only Driver Died (Photos)‚Ä¶ https://t.co/qZMzp39k42
6.46678646	3.49159241	FYI: Nigerian Epileptic Mum, Chidinma Anya Who Killed Her Child In An Accident In UK Spared Jail (Photo)‚Ä¶ https://t.co/wyWYqcbRPk
6.46678646	3.49159241	TRAGEDY! Ghastly Bus Accident In Port Harcourt, All Passengers Survived, Only Driver Died (Photos)‚Ä¶ https://t.co/H2D8uY3fQ8
6.51386135	3.37280273	Brazil‚Äôs Copacabana Car Accident Kills Baby, Injures 17 https://t.co/gGmHxoZdZv
6.46678646	3.49159241	#ICYMI: Nigerian Epileptic Mum, Chidinma Anya Who Killed Her Child In An Accident In UK Spared Jail (Photo)‚Ä¶ https://t.co/53mWm6zUzo
6.53773823	3.36181641	Brazil‚Äôs Copacabana Car Accident Kills Baby, Injures 17 https://t.co/WE7aVhw2dh
6.46678646	3.49159241	Nigerian Epileptic Mum, Chidinma Anya Who Killed Her Child In An Accident In UK Spared Jail (Photo)‚Ä¶ https://t.co/AHpywwAoaR
6.46678646	3.49159241	FYI: Sad Photos From The Accident Scene That Causes The Death Of Nollywood Filmmaker,Chukwuka Emelionwu‚Ä¶ https://t.co/iMNU7CYXhc
6.46678646	3.49159241	#ICYMI: Sad Photos From The Accident Scene That Causes The Death Of Nollywood Filmmaker,Chukwuka Emelionwu‚Ä¶ https://t.co/Q4kn4gg8cK
6.46678646	3.49159241	Sad Photos From The Accident Scene That Causes The Death Of Nollywood Filmmaker,Chukwuka Emelionwu‚Ä¶ https://t.co/pXNYfwfV2O
6.46678646	3.49159241	FYI: Nigerian Lady Celebrates Her Boyfriend Who Survived A Fatal Accident In Onitsha Today (Photos)‚Ä¶ https://t.co/lvgGdv9n2K
6.46678646	3.49159241	FYI: Two Undergraduates Killed In Fatal Multiple Accident While Returning To School (Photos)‚Ä¶ https://t.co/29h0TrDaod
6.46678646	3.49159241	FYI: OMG! Yobe State APC Chieftain, Mai Mala Buni Losses His 2 Sons In A Fatal Accident In Yobe (Photos)‚Ä¶ https://t.co/wvzR1nPMc1
6.46678646	3.49159241	#ICYMI: Nigerian Lady Celebrates Her Boyfriend Who Survived A Fatal Accident In Onitsha Today (Photos)‚Ä¶ https://t.co/gFDi6Vt31q
6.46678646	3.49159241	#ICYMI: Two Undergraduates Killed In Fatal Multiple Accident While Returning To School (Photos)‚Ä¶ https://t.co/kwyuxcpJko
6.4493857	3.3661196	Counterfeited and sub-standard products: An accident waiting to happen https://t.co/PxqZVihbK4 https://t.co/ycfHwpL2iG
6.46678646	3.49159241	#ICYMI: OMG! Yobe State APC Chieftain, Mai Mala Buni Losses His 2 Sons In A Fatal Accident In Yobe (Photos)‚Ä¶ https://t.co/P1IPe6CAbZ
6.46678646	3.49159241	Nigerian Lady Celebrates Her Boyfriend Who Survived A Fatal Accident In Onitsha Today (Photos)‚Ä¶ https://t.co/1TLHC7UPJB
6.46678646	3.49159241	Two Undergraduates Killed In Fatal Multiple Accident While Returning To School (Photos) https://t.co/Rjs7GZFf7p‚Ä¶ https://t.co/KxppocHUOM
6.46678646	3.49159241	OMG! Yobe State APC Chieftain, Mai Mala Buni Losses His 2 Sons In A Fatal Accident In Yobe (Photos)‚Ä¶ https://t.co/MOmRuIL1dr
6.49407679	3.35083008	World is ‚Äòone accident‚Äô away from nuclear war, Pope warns https://t.co/vRz7Vqcpwq
6.4493857	3.3661196	UPDATE #BikeAccident: #President #BuharisSon, Yusuf, ready to be discharged ‚Äì Presidency https://t.co/0H8c2y0pOS
6.4493857	3.3661196	REPOST #BikeAccident: #President #BuharisSon, Yusuf, ready to be discharged ‚Äì Presidency https://t.co/iYDg2Ryb3Q
6.46678646	3.49159241	FYI: Little Girl And Other Passengers Die In Fatal Accident In Gombe State (Photos) https://t.co/85FKuN8flT‚Ä¶ https://t.co/Ub568lqGQz
6.4493857	3.3661196	#BikeAccident: #President #BuharisSon, Yusuf, ready to be discharged ‚Äì Presidency https://t.co/HiZTBIRVS6
6.46678646	3.49159241	FYI: True Love! Woman Who Was Disfigured By Accident Weds Her Man (Photo) https://t.co/yaAPvDnNNq #Naijapals‚Ä¶ https://t.co/y95PhNeJ8b
6.46678646	3.49159241	#ICYMI: Little Girl And Other Passengers Die In Fatal Accident In Gombe State (Photos) https://t.co/85FKuN8flT‚Ä¶ https://t.co/vr4wQm9gBF
6.46678646	3.49159241	#ICYMI: True Love! Woman Who Was Disfigured By Accident Weds Her Man (Photo) https://t.co/yaAPvDnNNq #Naijapals‚Ä¶ https://t.co/5a3XLn6rh8
6.46678646	3.49159241	Little Girl And Other Passengers Die In Fatal Accident In Gombe State (Photos) https://t.co/85FKuN8flT #Naijapals‚Ä¶ https://t.co/MFJoDu3um9
6.46678646	3.49159241	Little Girl And Other Passengers Die In Fatal Accident In Gombe State (Photos) https://t.co/85FKuN8flT #Naijapals‚Ä¶ https://t.co/MFJoDu3um9
6.46678646	3.49159241	True Love! Woman Who Was Disfigured By Accident Weds Her Man (Photo) https://t.co/yaAPvDnNNq #Naijapals #Gistmania https://t.co/ktI0QHKLLI
6.46678646	3.49159241	True Love! Woman Who Was Disfigured By Accident Weds Her Man (Photo) https://t.co/yaAPvDnNNq #Naijapals #Gistmania https://t.co/ktI0QHKLLI
6.46678646	3.49159241	FYI: Kwara United FC Players Involve In A Ghastly Auto Accident Along Lagos-Ibadan Expressway‚Ä¶ https://t.co/lE4i8PrVrN
6.4493857	3.3661196	Capacity building: AIB to host BAGAIA air accident, incident report training https://t.co/z1gX14zxwm https://t.co/I6qkYH3hJx
6.46678646	3.49159241	#ICYMI: Kwara United FC Players Involve In A Ghastly Auto Accident Along Lagos-Ibadan Expressway‚Ä¶ https://t.co/vkXn6Ttt4i
6.46678646	3.49159241	Kwara United FC Players Involve In A Ghastly Auto Accident Along Lagos-Ibadan Expressway https://t.co/QHl2O5rKak‚Ä¶ https://t.co/ss8qdtyNLa
6.51590798	3.37280273	Accident: God faithful to us, says Kwara United President https://t.co/8lPAzSwGlc
6.5243793	3.3792057	I Didnt Beat Up Sug Pro Maybe He Had An Accident https://t.co/lT5Qd4J7IJ https://t.co/wx7aX6VKAX
6.47014	3.32123	Assisting an accident victim should be the most important thing when an accident occurs, rather‚Ä¶ https://t.co/NIX8p6cNJR
6.46678646	3.49159241	FYI: Aisha Buhari Poses With Doctors Who Helped Her Son, Yusuf After His Accident In Abuja (Photo)‚Ä¶ https://t.co/hVYjnaY4bM
6.46678646	3.49159241	FYI: ALERT!! This Corper Had An Accident &amp; Died On The Spot Along Minna Road, Do You Know Him?‚Ä¶ https://t.co/qFfZUIPeqB
6.40674257	3.38378906	Four die in Lagos-Ibadan road accident https://t.co/81UNrqiCyg
6.46678646	3.49159241	FYI: ALERT!! This Corper Had An Accident &amp; Died On The Spot Along Minna Road, Do You Know Him?‚Ä¶ https://t.co/J5mUsIILEg
6.46678646	3.49159241	#ICYMI: Aisha Buhari Poses With Doctors Who Helped Her Son, Yusuf After His Accident In Abuja (Photo)‚Ä¶ https://t.co/7oOafTgyJ0
6.46678646	3.49159241	#ICYMI: ALERT!! This Corper Had An Accident &amp; Died On The Spot Along Minna Road, Do You Know Him?‚Ä¶ https://t.co/NHdZPvz9ej
6.46678646	3.49159241	Aisha Buhari Poses With Doctors Who Helped Her Son, Yusuf After His Accident In Abuja (Photo)‚Ä¶ https://t.co/v54Jgl3754
6.46678646	3.49159241	ALERT!! This Corper Had An Accident &amp; Died On The Spot Along Minna Road, Do You Know Him? https://t.co/0kaOoTON0o‚Ä¶ https://t.co/f1QlE9eUpf
6.51590798	3.37280273	Four die in Lagos-Ibadan road accident https://t.co/EW1J9wpxwx
6.46678646	3.49159241	#ICYMI: ALERT!! This Corper Had An Accident &amp; Died On The Spot Along Minna Road, Do You Know Him?‚Ä¶ https://t.co/XNHu8rqmLO
6.46678646	3.49159241	ALERT!! This Corper Had An Accident &amp; Died On The Spot Along Minna Road, Do You Know Him? https://t.co/0mzdVeT2RF‚Ä¶ https://t.co/VLjwp8g460
6.46678646	3.49159241	FYI: Aisha Buhari Poses With Doctors Who Helped Her Son, Yusuf After His Accident In Abuja (Photo)‚Ä¶ https://t.co/YhplYad369
6.46678646	3.49159241	FYI: Taraba State Gov. Darius Ishaku Escapes Death After Convoy Is Involved In Fatal Road Accident‚Ä¶ https://t.co/43rlpptz3w
6.46678646	3.49159241	#ICYMI: Aisha Buhari Poses With Doctors Who Helped Her Son, Yusuf After His Accident In Abuja (Photo)‚Ä¶ https://t.co/WmjcCVz71B
6.46678646	3.49159241	Aisha Buhari Poses With Doctors Who Helped Her Son, Yusuf After His Accident In Abuja (Photo)‚Ä¶ https://t.co/ff8W4fIlfs
6.46678646	3.49159241	#ICYMI: Taraba State Gov. Darius Ishaku Escapes Death After Convoy Is Involved In Fatal Road Accident‚Ä¶ https://t.co/mcaU5njLDO
6.46678646	3.49159241	Taraba State Gov. Darius Ishaku Escapes Death After Convoy Is Involved In Fatal Road Accident‚Ä¶ https://t.co/tYN75H4Iqr
6.49407679	3.36181641	BREAKING: Policeman killed, others injured in Gov Ishaku‚Äôs convoy accident
6.4493857	3.3661196	How AIB is leveraging technology to enhance air accident reporting https://t.co/eu5mNthBdp https://t.co/w0Ovtu8i2w
6.58333333	3.75	"We Are All What We Are By The Accident Of Birth" 

That quote stuck with me the day I heard it.‚Ä¶ https://t.co/KBlTdcY2Td
6.46678646	3.49159241	FYI: ‚ÄòMy Heart Is Shattered‚Äô - Shan George Says As She Lost Her Younger Sister In Car Accident‚Ä¶ https://t.co/65KKyIzrA3
6.46678646	3.49159241	#ICYMI: ‚ÄòMy Heart Is Shattered‚Äô - Shan George Says As She Lost Her Younger Sister In Car Accident‚Ä¶ https://t.co/qwWK9kPl2S
6.46678646	3.49159241	FYI: Nigerian Lady Thankful For Surviving This Fatal Accident With Mum, While Some Died (Graphic photos)‚Ä¶ https://t.co/XyUDZj6BNv
6.46678646	3.49159241	‚ÄòMy Heart Is Shattered‚Äô - Shan George Says As She Lost Her Younger Sister In Car Accident https://t.co/XeSae7XCFG‚Ä¶ https://t.co/pnFGYrCTGY
6.49407679	3.39477539	‚ÄòMy heart is shattered‚Äô, says Shan George who lost sister in car accident https://t.co/pGW0ZZ11h7
6.46678646	3.49159241	#ICYMI: Nigerian Lady Thankful For Surviving This Fatal Accident With Mum, While Some Died (Graphic photos)‚Ä¶ https://t.co/i4jGgDcxe9
6.46678646	3.49159241	Nigerian Lady Thankful For Surviving This Fatal Accident With Mum, While Some Died (Graphic photos)‚Ä¶ https://t.co/qd3g7fux3s
6.49407679	3.36181641	Five dead, 13 injured in Lagos-Ibadan accident
6.4493857	3.3661196	Yusuf Buhari‚Äôs accident re-emphasises need for strict regulation on power bikes https://t.co/XundTEHaEB https://t.co/4oFJdBJNSy
6.46678646	3.49159241	FYI: Nigerians Attack Ex-President, Jonathan Over Goodwill Message Sent To Buhari On Son's Bike Accident‚Ä¶ https://t.co/MhmtxbLyGs
6.46678646	3.49159241	FYI: First Lady, Aisha Buhari Placed On Bed Rest Following Her Son's Motor Bike Accident (See Details)‚Ä¶ https://t.co/L1NT7DtqZv
6.46678646	3.49159241	#ICYMI: Nigerians Attack Ex-President, Jonathan Over Goodwill Message Sent To Buhari On Son's Bike Accident‚Ä¶ https://t.co/kWHt4B7Tol
6.53773823	3.37280273	Bike Accident: APC Prays Yusuf Buhari Recuperates Speedily https://t.co/FxHgM9r6qJ
6.49407679	3.39477539	APC speaks on Yusuf Buhari‚Äôs accident https://t.co/7r5XHT2pHc
6.46678646	3.49159241	Nigerians Attack Ex-President, Jonathan Over Goodwill Message Sent To Buhari On Son's Bike Accident‚Ä¶ https://t.co/yQHUMDLyjQ
6.45306	3.39583	President Buhari has reportedly blamed his security officials for the power bike accident that‚Ä¶ https://t.co/JAJfQWkpnW
6.53773823	3.36181641	Bike Accident: APC Prays Yusuf Buhari Recuperates Speedily https://t.co/MBfWEoqgNp
6.46678646	3.49159241	#ICYMI: First Lady, Aisha Buhari Placed On Bed Rest Following Her Son's Motor Bike Accident (See Details)‚Ä¶ https://t.co/8oJL524UX7
6.49407679	3.39477539	Bike Accident: APC Prays Yusuf Buhari Recuperates Speedily https://t.co/BxdJ0tO195
6.49407679	3.35083008	Two die, 21 injured in Jebba-Mokwa road accident https://t.co/n2jaqiTFIE
6.46678646	3.49159241	First Lady, Aisha Buhari Placed On Bed Rest Following Her Son's Motor Bike Accident (See Details)‚Ä¶ https://t.co/PGowlQhgLC
6.49407679	3.36181641	Bike Accident: APC Prays Yusuf Buhari Recuperates Speedily https://t.co/VmLKzULql8
6.53773823	3.35083008	Buhari‚Äôs son ‚Äòstable‚Äô after bike accident https://t.co/WhTTtRlWCP
6.49407679	3.39477539	Goodluck Jonathan reacts to Buhari‚Äôs son‚Äôs accident https://t.co/fuStVJLYQp
6.46678646	3.49159241	FYI: 25Yrs Old Woman, Hanifat Threatens To End Her Life After Loosing Her Leg In An Accident In Lagos‚Ä¶ https://t.co/DCuglr8S8y
6.49407679	3.39477539	Buhari‚Äôs son breaks limb in accident https://t.co/l6pDhTXjJY
6.46678646	3.49159241	#ICYMI: 25Yrs Old Woman, Hanifat Threatens To End Her Life After Loosing Her Leg In An Accident In Lagos‚Ä¶ https://t.co/WxYE15h3hP
6.45306	3.39583	President Buhari's son, Yusuf, was involved in a bike accident in the Gwarimpa area, Abuja last‚Ä¶ https://t.co/tcLim2Mf4m
6.4493857	3.3661196	Buhari‚Äôs son breaks limb in bike accident https://t.co/IJSRFZdPzQ https://t.co/J0M14P8ZCY
6.53773823	3.37280273	Disabled woman threatens suicide after LAGBUS accident https://t.co/I71oJ1f2eA
6.46678646	3.49159241	25Yrs Old Woman, Hanifat Threatens To End Her Life After Loosing Her Leg In An Accident In Lagos‚Ä¶ https://t.co/ldkoteeqyl
6.46678646	3.49159241	FYI: Young Girl‚Äôs Leg Crushed By A Commercial Bus After Accident In Enugu (Graphic Photos) https://t.co/IzFoaM9XFk‚Ä¶ https://t.co/rBt55XoO8L
6.46678646	3.49159241	#ICYMI: Young Girl‚Äôs Leg Crushed By A Commercial Bus After Accident In Enugu (Graphic Photos)‚Ä¶ https://t.co/vGtUOwNxJe
6.46678646	3.49159241	Young Girl‚Äôs Leg Crushed By A Commercial Bus After Accident In Enugu (Graphic Photos) https://t.co/IzFoaM9XFk‚Ä¶ https://t.co/NHoKqc6zWr
6.46678646	3.49159241	FYI: Car Racer Who Died Today In An Accident In Lekki, Lost His Girlfriend In A Similar Accident In 2014‚Ä¶ https://t.co/OfB4zTVB0L
6.46678646	3.49159241	#ICYMI: Car Racer Who Died Today In An Accident In Lekki, Lost His Girlfriend In A Similar Accident In 2014‚Ä¶ https://t.co/bpQKKIGso6
6.46678646	3.49159241	FYI: Photos From Christmas Day Accident At Lekki County Estate Few Hours Ago Due To Racing - SEE PHOTOS‚Ä¶ https://t.co/KuvtauFuQ6
6.46678646	3.49159241	Car Racer Who Died Today In An Accident In Lekki, Lost His Girlfriend In A Similar Accident In 2014‚Ä¶ https://t.co/91hGHsQOW3
6.46678646	3.49159241	#ICYMI: Photos From Christmas Day Accident At Lekki County Estate Few Hours Ago Due To Racing - SEE PHOTOS‚Ä¶ https://t.co/RprhlgBJF1
6.46678646	3.49159241	Photos From Christmas Day Accident At Lekki County Estate Few Hours Ago Due To Racing - SEE PHOTOS‚Ä¶ https://t.co/NoI6FIDwDr
6.46678646	3.49159241	Photos From Christmas Day Accident At Lekki County Estate Few Hours Ago Due To Racing - SEE PHOTOS‚Ä¶ https://t.co/NoI6FIDwDr
6.46678646	3.49159241	FYI: SAD! Fatal Accident Along Lagos-Benin Expressway Claims The Lives Of All Passengers (Graphic Photos)‚Ä¶ https://t.co/UhF0kyqANe
6.46678646	3.49159241	#ICYMI: SAD! Fatal Accident Along Lagos-Benin Expressway Claims The Lives Of All Passengers (Graphic Photos)‚Ä¶ https://t.co/leFlKBy9Ii
6.46678646	3.49159241	SAD! Fatal Accident Along Lagos-Benin Expressway Claims The Lives Of All Passengers (Graphic Photos)‚Ä¶ https://t.co/d2fgApsMk4
6.46678646	3.49159241	FYI: Unemployed Igbo Man, Chijinkem Ugwuanyi Returns Over N500k Cash He Found At An Accident Scene (PICS)‚Ä¶ https://t.co/RuV8vDqWIS
6.46678646	3.49159241	FYI: SHOCKING! Corpses Of Accident Victims From Benin-Ore-Lagos Road Flood Ondo Hospital https://t.co/PIUQQ2U9Vl‚Ä¶ https://t.co/pKyN7wu2v9
6.46678646	3.49159241	FYI: See Photos From The Accident That Allegedly Destroyed Goods And Property Worth Over N100m In Lagos‚Ä¶ https://t.co/WJvnqdpaWl
6.46678646	3.49159241	#ICYMI: Unemployed Igbo Man, Chijinkem Ugwuanyi Returns Over N500k Cash He Found At An Accident Scene (PICS)‚Ä¶ https://t.co/oeddB8zSWL
6.46678646	3.49159241	#ICYMI: SHOCKING! Corpses Of Accident Victims From Benin-Ore-Lagos Road Flood Ondo Hospital https://t.co/PIUQQ2U9Vl‚Ä¶ https://t.co/Pcp0ukvKKN
6.46678646	3.49159241	Unemployed Igbo Man, Chijinkem Ugwuanyi Returns Over N500k Cash He Found At An Accident Scene (PICS)‚Ä¶ https://t.co/oZo0Oqyisr
6.46678646	3.49159241	#ICYMI: See Photos From The Accident That Allegedly Destroyed Goods And Property Worth Over N100m In Lagos‚Ä¶ https://t.co/NzaVcMLFi2
6.46678646	3.49159241	SHOCKING! Corpses Of Accident Victims From Benin-Ore-Lagos Road Flood Ondo Hospital https://t.co/PIUQQ2U9Vl‚Ä¶ https://t.co/SVz8c2ziVi
6.46678646	3.49159241	See Photos From The Accident That Allegedly Destroyed Goods And Property Worth Over N100m In Lagos‚Ä¶ https://t.co/NhrYBpLOSo
6.45306	3.39583	Productivity is never an accident. It is always the result of a commitment to excellence,‚Ä¶ https://t.co/jcbIr5zxED
6.42857753	3.37280273	Truck kills 3 persons, 14 others injured in Gombe accident https://t.co/kuMws324h6
6.45306	3.39583	*Awoof alert*
2014 Honda Accord coupe  exl selling cheap .
It's total accident free !!!‚Ä¶ https://t.co/T6QZ4apSOR
6.46678646	3.49159241	FYI: Photos From The Accident That Left Singer, Yinka Ayefele Confined To Wheel Chair For The Past 20Yrs‚Ä¶ https://t.co/KFSxhpdund
6.46678646	3.49159241	#ICYMI: Photos From The Accident That Left Singer, Yinka Ayefele Confined To Wheel Chair For The Past 20Yrs‚Ä¶ https://t.co/QEguYrzkl5
6.46678646	3.49159241	Photos From The Accident That Left Singer, Yinka Ayefele Confined To Wheel Chair For The Past 20Yrs‚Ä¶ https://t.co/hYMSbtI7Nt
6.45306	3.39583	Before his accident on December 12, 1997, Yinka Ayefele was a broadcaster doing well for himself‚Ä¶ https://t.co/vGRyxdYfeM
6.40674257	3.38378906	Truck kills one, injures another in Ogun road accident https://t.co/Y4ExKC8dgI
6.46678646	3.49159241	FYI: KARMA! Thieves Escaping With Snatched Car Involved In Ghastly Accident In Ogun State (Photo)‚Ä¶ https://t.co/itiPQCO0Pb
6.46678646	3.49159241	#ICYMI: KARMA! Thieves Escaping With Snatched Car Involved In Ghastly Accident In Ogun State (Photo)‚Ä¶ https://t.co/8K3UZbwM4A
6.46678646	3.49159241	KARMA! Thieves Escaping With Snatched Car Involved In Ghastly Accident In Ogun State (Photo)‚Ä¶ https://t.co/6onN8vq7Ww
6.53773823	3.35083008	Eight dead, nine injured in early morning expressway accident https://t.co/0Fkg2d1GUb
6.51590798	3.37280273	1,070 Nigerians died in road accident in Q3 ‚Äì NBS https://t.co/fM2qRjTzFz
6.51590798	3.37280273	Zimbabwe truck accident kills 21, injures others https://t.co/4WkZH1MeiD
6.5	3.40138889	WATCH #theaccidentalspymovie, don't be the victim of an accident. Let's show the Spy in You. @‚Ä¶ https://t.co/jJfGJeYNbV
6.46678646	3.49159241	FYI: DISHEARTENING! Lady Set To Wed Dies With Her Mother In A Ghastly Motor Accident In Rivers (Photos)‚Ä¶ https://t.co/kImbEv7edR
